2afccb,127.0.0.1,GET,http://localhost:1234/,1509694143,,200
c2498e,127.0.0.1,GET,http://localhost:1234/css/bootstrap.min.css,1509694143,,404
cf0c22,127.0.0.1,GET,http://localhost:1234/css/owl-carousel/owl.carousel.css,1509694143,,404
fd2593,127.0.0.1,GET,http://localhost:1234/css/font-awesome.css,1509694143,,404
3649bc,127.0.0.1,GET,http://localhost:1234/css/magnific-popup/magnific-popup.css,1509694143,,404
74f165,127.0.0.1,GET,http://localhost:1234/css/animate.css,1509694143,,404
788bea,127.0.0.1,GET,http://localhost:1234/css/ionicons.min.css,1509694143,,404
8a5839,127.0.0.1,GET,http://localhost:1234/css/style.css,1509694143,,404
d353e7,127.0.0.1,GET,http://localhost:1234/css/responsive.css,1509694143,,404
f09cfc,127.0.0.1,GET,http://localhost:1234/css/style-customizer.css,1509694143,,404
407921,127.0.0.1,GET,http://localhost:1234/css/custom.css,1509694143,,404
e91f6a,127.0.0.1,GET,http://localhost:1234/img/logo-4.png,1509694143,,404
c5d269,127.0.0.1,GET,http://localhost:1234/images/banner/01.png,1509694143,,404
b099cf,127.0.0.1,GET,http://localhost:1234/images/services/icon1.png,1509694143,,404
04f982,127.0.0.1,GET,http://localhost:1234/images/services/icon2.png,1509694143,,404
276782,127.0.0.1,GET,http://localhost:1234/images/services/icon3.png,1509694143,,404
2fb4f8,127.0.0.1,GET,http://localhost:1234/images/about-us.jpg,1509694143,,404
52cc3c,127.0.0.1,GET,http://localhost:1234/images/screenshots/01.jpg,1509694143,,404
7fd203,127.0.0.1,GET,http://localhost:1234/images/screenshots/02.jpg,1509694143,,404
7e74af,127.0.0.1,GET,http://localhost:1234/images/screenshots/03.jpg,1509694143,,404
235051,127.0.0.1,GET,http://localhost:1234/images/screenshots/04.jpg,1509694143,,404
582018,127.0.0.1,GET,http://localhost:1234/images/screenshots/05.jpg,1509694143,,404
cdcadb,127.0.0.1,GET,http://localhost:1234/images/screenshots/06.jpg,1509694143,,404
49b0c3,127.0.0.1,GET,http://localhost:1234/images/testimonial/01.jpg,1509694143,,404
54b083,127.0.0.1,GET,http://localhost:1234/images/testimonial/02.jpg,1509694143,,404
bc42e6,127.0.0.1,GET,http://localhost:1234/images/testimonial/03.jpg,1509694143,,404
f6701a,127.0.0.1,GET,http://localhost:1234/images/team/01.jpg,1509694143,,404
51b715,127.0.0.1,GET,http://localhost:1234/images/team/02.jpg,1509694143,,404
02a763,127.0.0.1,GET,http://localhost:1234/images/team/03.jpg,1509694143,,404
84b410,127.0.0.1,GET,http://localhost:1234/images/team/04.jpg,1509694144,,404
53e2e5,127.0.0.1,GET,http://localhost:1234/js/jquery.min.js,1509694144,,404
d311d2,127.0.0.1,GET,http://localhost:1234/js/bootstrap.min.js,1509694144,,404
29fc54,127.0.0.1,GET,http://localhost:1234/js/owl-carousel/owl.carousel.min.js,1509694144,,404
f0bdf8,127.0.0.1,GET,http://localhost:1234/js/counter/jquery.countTo.js,1509694144,,404
716173,127.0.0.1,GET,http://localhost:1234/js/jquery.appear.js,1509694144,,404
a355f4,127.0.0.1,GET,http://localhost:1234/js/magnific-popup/jquery.magnific-popup.min.js,1509694144,,404
31cdc0,127.0.0.1,GET,http://localhost:1234/js/retina.min.js,1509694144,,404
f718ab,127.0.0.1,GET,http://localhost:1234/js/wow.min.js,1509694144,,404
1b1333,127.0.0.1,GET,http://localhost:1234/js/jquery.countdown.min.js,1509694144,,404
52b43d,127.0.0.1,GET,http://localhost:1234/js/custom.js,1509694144,,404
67ff2c,127.0.0.1,GET,http://localhost:1234/js/style-customizer.js,1509694144,,404
f22d43,127.0.0.1,GET,http://localhost:1234/images/01.png,1509694144,,404
dde779,127.0.0.1,GET,http://localhost:1234/images/faq-1.jpg,1509694144,,404
e2cb51,127.0.0.1,GET,http://localhost:1234/images/blog/01.jpg,1509694144,,404
1871e8,127.0.0.1,GET,http://localhost:1234/images/blog/02.jpg,1509694144,,404
5f89e5,127.0.0.1,GET,http://localhost:1234/images/blog/03.jpg,1509694144,,404
049108,127.0.0.1,GET,http://localhost:1234/images/clients/gray/01.png,1509694144,,404
49ff73,127.0.0.1,GET,http://localhost:1234/images/clients/gray/02.png,1509694144,,404
e66cbc,127.0.0.1,GET,http://localhost:1234/images/clients/gray/03.png,1509694144,,404
9dd6f7,127.0.0.1,GET,http://localhost:1234/images/clients/gray/04.png,1509694144,,404
b9cfdf,127.0.0.1,GET,http://localhost:1234/images/clients/gray/05.png,1509694144,,404
7cf3a8,127.0.0.1,GET,http://localhost:1234/images/clients/gray/06.png,1509694144,,404
b25607,127.0.0.1,GET,http://localhost:1234/images/clients/gray/07.png,1509694144,,404
dfb96b,127.0.0.1,GET,http://localhost:1234/images/clients/gray/08.png,1509694144,,404
c78055,127.0.0.1,GET,http://localhost:1234/images/clients/gray/09.png,1509694144,,404
336749,127.0.0.1,GET,http://localhost:1234/images/02.png,1509694144,,404
8c8cc7,127.0.0.1,GET,http://localhost:1234/images/ajax-loader.gif,1509694144,,404
edd0c7,127.0.0.1,GET,http://localhost:1234/images/logo-footer.png,1509694144,,404
92f0ad,127.0.0.1,GET,http://localhost:1234/,1509694144,,200
343db3,127.0.0.1,GET,http://localhost:1234/images/favicon.ico,1509694145,,404
8cb8cf,127.0.0.1,GET,http://localhost:1234/images/banner/bg.jpg,1509694145,,404
7fda7c,127.0.0.1,GET,http://localhost:1234/images/about/04.jpg,1509694145,,404
e9efc2,127.0.0.1,GET,http://localhost:1234/js/jquery.min.js,1509694145,,404
49fd3a,127.0.0.1,GET,http://localhost:1234/js/bootstrap.min.js,1509694145,,404
6d169b,127.0.0.1,GET,http://localhost:1234/js/owl-carousel/owl.carousel.min.js,1509694145,,404
63deb4,127.0.0.1,GET,http://localhost:1234/js/counter/jquery.countTo.js,1509694145,,404
f11b6a,127.0.0.1,GET,http://localhost:1234/js/jquery.appear.js,1509694145,,404
a5b890,127.0.0.1,GET,http://localhost:1234/js/magnific-popup/jquery.magnific-popup.min.js,1509694145,,404
147bbe,127.0.0.1,GET,http://localhost:1234/js/retina.min.js,1509694146,,404
3c2f89,127.0.0.1,GET,http://localhost:1234/js/wow.min.js,1509694146,,404
9c7701,127.0.0.1,GET,http://localhost:1234/js/jquery.countdown.min.js,1509694146,,404
b6e2d7,127.0.0.1,GET,http://localhost:1234/js/custom.js,1509694146,,404
76b56a,127.0.0.1,GET,http://localhost:1234/js/style-customizer.js,1509694146,,404
443292,127.0.0.1,GET,http://localhost:1234/,1509694271,,200
1ecc1e,127.0.0.1,GET,http://localhost:1234/asset.path/css/bootstrap.min.css,1509694272,,404
a417cc,127.0.0.1,GET,http://localhost:1234/css/owl-carousel/owl.carousel.css,1509694272,,404
327305,127.0.0.1,GET,http://localhost:1234/css/font-awesome.css,1509694272,,404
f8bd26,127.0.0.1,GET,http://localhost:1234/css/magnific-popup/magnific-popup.css,1509694272,,404
56d864,127.0.0.1,GET,http://localhost:1234/css/animate.css,1509694272,,404
19e35c,127.0.0.1,GET,http://localhost:1234/css/ionicons.min.css,1509694272,,404
213e3c,127.0.0.1,GET,http://localhost:1234/css/style.css,1509694272,,404
03ec49,127.0.0.1,GET,http://localhost:1234/css/responsive.css,1509694272,,404
9c7e34,127.0.0.1,GET,http://localhost:1234/css/style-customizer.css,1509694272,,404
48bd2c,127.0.0.1,GET,http://localhost:1234/css/custom.css,1509694272,,404
f66ef2,127.0.0.1,GET,http://localhost:1234/images/services/icon2.png,1509694272,,404
569b9a,127.0.0.1,GET,http://localhost:1234/images/services/icon3.png,1509694272,,404
f6876a,127.0.0.1,GET,http://localhost:1234/images/about-us.jpg,1509694272,,404
4436de,127.0.0.1,GET,http://localhost:1234/images/screenshots/01.jpg,1509694272,,404
0278c3,127.0.0.1,GET,http://localhost:1234/images/screenshots/02.jpg,1509694272,,404
7274c3,127.0.0.1,GET,http://localhost:1234/img/logo-4.png,1509694272,,404
7acb60,127.0.0.1,GET,http://localhost:1234/images/banner/01.png,1509694272,,404
103acc,127.0.0.1,GET,http://localhost:1234/images/services/icon1.png,1509694272,,404
737d55,127.0.0.1,GET,http://localhost:1234/images/screenshots/03.jpg,1509694272,,404
0efa08,127.0.0.1,GET,http://localhost:1234/images/screenshots/04.jpg,1509694272,,404
b95011,127.0.0.1,GET,http://localhost:1234/images/screenshots/05.jpg,1509694272,,404
889c26,127.0.0.1,GET,http://localhost:1234/images/screenshots/06.jpg,1509694272,,404
0a5967,127.0.0.1,GET,http://localhost:1234/images/testimonial/01.jpg,1509694272,,404
164770,127.0.0.1,GET,http://localhost:1234/images/testimonial/02.jpg,1509694272,,404
167371,127.0.0.1,GET,http://localhost:1234/images/testimonial/03.jpg,1509694272,,404
1820ca,127.0.0.1,GET,http://localhost:1234/images/team/01.jpg,1509694272,,404
865768,127.0.0.1,GET,http://localhost:1234/images/team/02.jpg,1509694272,,404
29a73c,127.0.0.1,GET,http://localhost:1234/images/team/03.jpg,1509694272,,404
5d7679,127.0.0.1,GET,http://localhost:1234/images/team/04.jpg,1509694272,,404
1da50f,127.0.0.1,GET,http://localhost:1234/images/01.png,1509694272,,404
574224,127.0.0.1,GET,http://localhost:1234/js/jquery.min.js,1509694272,,404
f76b54,127.0.0.1,GET,http://localhost:1234/js/bootstrap.min.js,1509694272,,404
baa808,127.0.0.1,GET,http://localhost:1234/js/owl-carousel/owl.carousel.min.js,1509694272,,404
d40566,127.0.0.1,GET,http://localhost:1234/js/counter/jquery.countTo.js,1509694272,,404
044935,127.0.0.1,GET,http://localhost:1234/js/jquery.appear.js,1509694272,,404
128274,127.0.0.1,GET,http://localhost:1234/js/magnific-popup/jquery.magnific-popup.min.js,1509694272,,404
870dc2,127.0.0.1,GET,http://localhost:1234/js/retina.min.js,1509694272,,404
ed7901,127.0.0.1,GET,http://localhost:1234/js/wow.min.js,1509694272,,404
7f9c48,127.0.0.1,GET,http://localhost:1234/js/jquery.countdown.min.js,1509694272,,404
bd96fa,127.0.0.1,GET,http://localhost:1234/js/custom.js,1509694272,,404
04b57f,127.0.0.1,GET,http://localhost:1234/js/style-customizer.js,1509694272,,404
c689ad,127.0.0.1,GET,http://localhost:1234/images/faq-1.jpg,1509694272,,404
ebe66a,127.0.0.1,GET,http://localhost:1234/images/blog/01.jpg,1509694272,,404
d364ae,127.0.0.1,GET,http://localhost:1234/images/blog/02.jpg,1509694272,,404
aed933,127.0.0.1,GET,http://localhost:1234/images/blog/03.jpg,1509694272,,404
05bee3,127.0.0.1,GET,http://localhost:1234/images/clients/gray/01.png,1509694273,,404
33b427,127.0.0.1,GET,http://localhost:1234/images/clients/gray/02.png,1509694273,,404
00df13,127.0.0.1,GET,http://localhost:1234/images/clients/gray/03.png,1509694273,,404
f545f8,127.0.0.1,GET,http://localhost:1234/images/clients/gray/04.png,1509694273,,404
533642,127.0.0.1,GET,http://localhost:1234/images/clients/gray/05.png,1509694273,,404
807fd2,127.0.0.1,GET,http://localhost:1234/images/clients/gray/06.png,1509694273,,404
b25ae5,127.0.0.1,GET,http://localhost:1234/images/clients/gray/07.png,1509694273,,404
55f334,127.0.0.1,GET,http://localhost:1234/images/clients/gray/08.png,1509694273,,404
2941a6,127.0.0.1,GET,http://localhost:1234/images/clients/gray/09.png,1509694273,,404
11e824,127.0.0.1,GET,http://localhost:1234/images/02.png,1509694273,,404
b4b6c7,127.0.0.1,GET,http://localhost:1234/images/ajax-loader.gif,1509694273,,404
81ba09,127.0.0.1,GET,http://localhost:1234/images/logo-footer.png,1509694273,,404
921ca2,127.0.0.1,GET,http://localhost:1234/,1509694273,,200
214e60,127.0.0.1,GET,http://localhost:1234/js/jquery.min.js,1509694273,,404
19c937,127.0.0.1,GET,http://localhost:1234/js/bootstrap.min.js,1509694273,,404
70cd66,127.0.0.1,GET,http://localhost:1234/asset.path/images/favicon.ico,1509694273,,404
e4ac51,127.0.0.1,GET,http://localhost:1234/images/banner/bg.jpg,1509694273,,404
213dfc,127.0.0.1,GET,http://localhost:1234/images/about/04.jpg,1509694273,,404
1ae881,127.0.0.1,GET,http://localhost:1234/js/owl-carousel/owl.carousel.min.js,1509694273,,404
57ad7f,127.0.0.1,GET,http://localhost:1234/js/counter/jquery.countTo.js,1509694273,,404
23822f,127.0.0.1,GET,http://localhost:1234/js/jquery.appear.js,1509694273,,404
519754,127.0.0.1,GET,http://localhost:1234/js/magnific-popup/jquery.magnific-popup.min.js,1509694274,,404
8fad1c,127.0.0.1,GET,http://localhost:1234/js/retina.min.js,1509694274,,404
1a4f5a,127.0.0.1,GET,http://localhost:1234/js/wow.min.js,1509694274,,404
41221b,127.0.0.1,GET,http://localhost:1234/js/jquery.countdown.min.js,1509694274,,404
5ec828,127.0.0.1,GET,http://localhost:1234/js/custom.js,1509694274,,404
c8b81a,127.0.0.1,GET,http://localhost:1234/js/style-customizer.js,1509694274,,404
ba5cc5,127.0.0.1,GET,http://localhost:1234/,1509694353,,500
91e6c6,127.0.0.1,GET,http://localhost:1234/,1509694359,,500
79f61a,127.0.0.1,GET,http://localhost:1234/,1509694493,,500
aaff01,127.0.0.1,GET,http://localhost:1234/,1509694501,,500
d7ffd6,127.0.0.1,GET,http://localhost:1234/,1509694515,,200
b6fb2f,127.0.0.1,GET,http://localhost:1234/,1509694516,,200
008e8e,127.0.0.1,GET,http://localhost:1234/img/logo-4.png,1509694516,,404
bf1f93,127.0.0.1,GET,http://localhost:1234/images/banner/01.png,1509694516,,404
fae8fd,127.0.0.1,GET,http://localhost:1234/images/services/icon1.png,1509694516,,404
11e7f7,127.0.0.1,GET,http://localhost:1234/images/services/icon2.png,1509694516,,404
6ea65e,127.0.0.1,GET,http://localhost:1234/images/services/icon3.png,1509694516,,404
21b11c,127.0.0.1,GET,http://localhost:1234/images/about-us.jpg,1509694516,,404
ebb993,127.0.0.1,GET,http://localhost:1234/images/screenshots/01.jpg,1509694516,,404
eb1bc0,127.0.0.1,GET,http://localhost:1234/images/screenshots/02.jpg,1509694516,,404
6c16b3,127.0.0.1,GET,http://localhost:1234/images/screenshots/03.jpg,1509694516,,404
ba7a0b,127.0.0.1,GET,http://localhost:1234/images/screenshots/04.jpg,1509694516,,404
719145,127.0.0.1,GET,http://localhost:1234/images/screenshots/05.jpg,1509694516,,404
b9d847,127.0.0.1,GET,http://localhost:1234/images/screenshots/06.jpg,1509694516,,404
dfb7ba,127.0.0.1,GET,http://localhost:1234/images/testimonial/01.jpg,1509694516,,404
b69944,127.0.0.1,GET,http://localhost:1234/images/testimonial/02.jpg,1509694516,,404
0b075b,127.0.0.1,GET,http://localhost:1234/images/testimonial/03.jpg,1509694516,,404
f90d28,127.0.0.1,GET,http://localhost:1234/images/team/01.jpg,1509694516,,404
c928a5,127.0.0.1,GET,http://localhost:1234/images/team/02.jpg,1509694516,,404
c8a54e,127.0.0.1,GET,http://localhost:1234/images/team/03.jpg,1509694516,,404
b3e017,127.0.0.1,GET,http://localhost:1234/images/team/04.jpg,1509694516,,404
60f344,127.0.0.1,GET,http://localhost:1234/images/01.png,1509694516,,404
20b8ac,127.0.0.1,GET,http://localhost:1234/images/faq-1.jpg,1509694516,,404
aa4cf6,127.0.0.1,GET,http://localhost:1234/images/blog/01.jpg,1509694516,,404
a75849,127.0.0.1,GET,http://localhost:1234/images/blog/02.jpg,1509694516,,404
d82274,127.0.0.1,GET,http://localhost:1234/images/blog/03.jpg,1509694517,,404
cb6d03,127.0.0.1,GET,http://localhost:1234/images/clients/gray/01.png,1509694517,,404
986fb6,127.0.0.1,GET,http://localhost:1234/images/clients/gray/02.png,1509694517,,404
9c9254,127.0.0.1,GET,http://localhost:1234/images/clients/gray/03.png,1509694517,,404
04fea0,127.0.0.1,GET,http://localhost:1234/images/clients/gray/04.png,1509694517,,404
9354c6,127.0.0.1,GET,http://localhost:1234/images/clients/gray/05.png,1509694517,,404
7c632e,127.0.0.1,GET,http://localhost:1234/images/clients/gray/06.png,1509694517,,404
8890f7,127.0.0.1,GET,http://localhost:1234/images/clients/gray/07.png,1509694517,,404
4d6271,127.0.0.1,GET,http://localhost:1234/images/clients/gray/08.png,1509694517,,404
ebf3fd,127.0.0.1,GET,http://localhost:1234/images/clients/gray/09.png,1509694517,,404
974d33,127.0.0.1,GET,http://localhost:1234/images/02.png,1509694517,,404
b43f7c,127.0.0.1,GET,http://localhost:1234/images/ajax-loader.gif,1509694517,,404
4dfda7,127.0.0.1,GET,http://localhost:1234/images/logo-footer.png,1509694517,,404
192d0c,127.0.0.1,GET,http://localhost:1234/asset.path/css/bootstrap.min.css,1509694517,,404
dbe35e,127.0.0.1,GET,http://localhost:1234/css/owl-carousel/owl.carousel.css,1509694517,,404
66c8dc,127.0.0.1,GET,http://localhost:1234/css/font-awesome.css,1509694517,,404
08cc46,127.0.0.1,GET,http://localhost:1234/css/magnific-popup/magnific-popup.css,1509694517,,404
4b74a6,127.0.0.1,GET,http://localhost:1234/css/animate.css,1509694517,,404
0ea674,127.0.0.1,GET,http://localhost:1234/css/ionicons.min.css,1509694517,,404
f457b9,127.0.0.1,GET,http://localhost:1234/css/style.css,1509694517,,404
568a5d,127.0.0.1,GET,http://localhost:1234/css/responsive.css,1509694517,,404
754e64,127.0.0.1,GET,http://localhost:1234/css/style-customizer.css,1509694517,,404
44747d,127.0.0.1,GET,http://localhost:1234/css/custom.css,1509694517,,404
c17d63,127.0.0.1,GET,http://localhost:1234/js/jquery.min.js,1509694517,,404
f40076,127.0.0.1,GET,http://localhost:1234/js/bootstrap.min.js,1509694517,,404
1b2ec6,127.0.0.1,GET,http://localhost:1234/js/owl-carousel/owl.carousel.min.js,1509694517,,404
bf2a67,127.0.0.1,GET,http://localhost:1234/js/counter/jquery.countTo.js,1509694517,,404
199f3c,127.0.0.1,GET,http://localhost:1234/js/jquery.appear.js,1509694517,,404
82cc0d,127.0.0.1,GET,http://localhost:1234/js/magnific-popup/jquery.magnific-popup.min.js,1509694517,,404
f8c019,127.0.0.1,GET,http://localhost:1234/js/retina.min.js,1509694517,,404
38f8f0,127.0.0.1,GET,http://localhost:1234/js/wow.min.js,1509694517,,404
0e9df0,127.0.0.1,GET,http://localhost:1234/js/jquery.countdown.min.js,1509694517,,404
c52039,127.0.0.1,GET,http://localhost:1234/js/custom.js,1509694517,,404
d016cf,127.0.0.1,GET,http://localhost:1234/js/style-customizer.js,1509694517,,404
ed8834,127.0.0.1,GET,http://localhost:1234/js/jquery.min.js,1509694518,,404
c834c4,127.0.0.1,GET,http://localhost:1234/js/bootstrap.min.js,1509694519,,404
b896a8,127.0.0.1,GET,http://localhost:1234/images/banner/bg.jpg,1509694519,,404
0959db,127.0.0.1,GET,http://localhost:1234/images/about/04.jpg,1509694519,,404
bbb884,127.0.0.1,GET,http://localhost:1234/js/owl-carousel/owl.carousel.min.js,1509694519,,404
e2320e,127.0.0.1,GET,http://localhost:1234/js/counter/jquery.countTo.js,1509694519,,404
309849,127.0.0.1,GET,http://localhost:1234/js/jquery.appear.js,1509694519,,404
f5ff2f,127.0.0.1,GET,http://localhost:1234/js/magnific-popup/jquery.magnific-popup.min.js,1509694519,,404
2712be,127.0.0.1,GET,http://localhost:1234/js/retina.min.js,1509694520,,404
950db2,127.0.0.1,GET,http://localhost:1234/js/wow.min.js,1509694520,,404
dea4f4,127.0.0.1,GET,http://localhost:1234/js/jquery.countdown.min.js,1509694520,,404
8a5628,127.0.0.1,GET,http://localhost:1234/js/custom.js,1509694520,,404
ab600e,127.0.0.1,GET,http://localhost:1234/js/style-customizer.js,1509694520,,404
b004cb,127.0.0.1,GET,http://localhost:1234/,1509694555,,200
d16578,127.0.0.1,GET,http://localhost:1234/assets/css/bootstrap.min.css,1509694556,,404
95733b,127.0.0.1,GET,http://localhost:1234/assets/css/owl-carousel/owl.carousel.css,1509694556,,404
15e868,127.0.0.1,GET,http://localhost:1234/assets/css/font-awesome.css,1509694556,,404
035395,127.0.0.1,GET,http://localhost:1234/assets/css/magnific-popup/magnific-popup.css,1509694556,,404
b72bc3,127.0.0.1,GET,http://localhost:1234/assets/css/animate.css,1509694556,,404
d3b4de,127.0.0.1,GET,http://localhost:1234/assets/css/ionicons.min.css,1509694556,,404
cae570,127.0.0.1,GET,http://localhost:1234/assets/css/style.css,1509694556,,404
87c171,127.0.0.1,GET,http://localhost:1234/assets/css/responsive.css,1509694556,,404
2bcf33,127.0.0.1,GET,http://localhost:1234/,1509694556,,200
70d8d1,127.0.0.1,GET,http://localhost:1234/assets/css/style-customizer.css,1509694556,,404
c98c8f,127.0.0.1,GET,http://localhost:1234/assets/css/custom.css,1509694556,,404
0a930b,127.0.0.1,GET,http://localhost:1234/img/logo-4.png,1509694556,,404
f30076,127.0.0.1,GET,http://localhost:1234/images/banner/01.png,1509694556,,404
4bc1a1,127.0.0.1,GET,http://localhost:1234/images/services/icon1.png,1509694556,,404
457700,127.0.0.1,GET,http://localhost:1234/images/about-us.jpg,1509694556,,404
1b9f0d,127.0.0.1,GET,http://localhost:1234/images/services/icon3.png,1509694556,,404
92d00e,127.0.0.1,GET,http://localhost:1234/images/services/icon2.png,1509694556,,404
6f3c20,127.0.0.1,GET,http://localhost:1234/images/screenshots/01.jpg,1509694556,,404
2b7478,127.0.0.1,GET,http://localhost:1234/images/screenshots/02.jpg,1509694556,,404
c11f7b,127.0.0.1,GET,http://localhost:1234/images/screenshots/03.jpg,1509694556,,404
14dd2f,127.0.0.1,GET,http://localhost:1234/images/screenshots/04.jpg,1509694556,,404
b34897,127.0.0.1,GET,http://localhost:1234/images/screenshots/05.jpg,1509694556,,404
745610,127.0.0.1,GET,http://localhost:1234/images/screenshots/06.jpg,1509694557,,404
dbd0a9,127.0.0.1,GET,http://localhost:1234/images/testimonial/01.jpg,1509694557,,404
5b4500,127.0.0.1,GET,http://localhost:1234/images/testimonial/02.jpg,1509694557,,404
8202de,127.0.0.1,GET,http://localhost:1234/images/testimonial/03.jpg,1509694557,,404
e7f960,127.0.0.1,GET,http://localhost:1234/images/team/01.jpg,1509694557,,404
548545,127.0.0.1,GET,http://localhost:1234/images/team/02.jpg,1509694557,,404
d1692c,127.0.0.1,GET,http://localhost:1234/images/team/03.jpg,1509694557,,404
f8849f,127.0.0.1,GET,http://localhost:1234/images/team/04.jpg,1509694557,,404
762463,127.0.0.1,GET,http://localhost:1234/images/01.png,1509694557,,404
a143d4,127.0.0.1,GET,http://localhost:1234/images/faq-1.jpg,1509694557,,404
8dc41a,127.0.0.1,GET,http://localhost:1234/images/blog/01.jpg,1509694557,,404
b2558b,127.0.0.1,GET,http://localhost:1234/images/blog/02.jpg,1509694557,,404
a523c1,127.0.0.1,GET,http://localhost:1234/images/blog/03.jpg,1509694557,,404
2bf83f,127.0.0.1,GET,http://localhost:1234/images/clients/gray/01.png,1509694557,,404
d6ae46,127.0.0.1,GET,http://localhost:1234/images/clients/gray/02.png,1509694557,,404
c58e8f,127.0.0.1,GET,http://localhost:1234/images/clients/gray/03.png,1509694557,,404
0653ad,127.0.0.1,GET,http://localhost:1234/images/clients/gray/04.png,1509694557,,404
7dcc47,127.0.0.1,GET,http://localhost:1234/images/clients/gray/05.png,1509694557,,404
5db1d8,127.0.0.1,GET,http://localhost:1234/images/clients/gray/06.png,1509694557,,404
1af6af,127.0.0.1,GET,http://localhost:1234/images/clients/gray/07.png,1509694557,,404
30df1a,127.0.0.1,GET,http://localhost:1234/images/clients/gray/08.png,1509694557,,404
29766d,127.0.0.1,GET,http://localhost:1234/images/clients/gray/09.png,1509694557,,404
56c083,127.0.0.1,GET,http://localhost:1234/images/02.png,1509694557,,404
a18693,127.0.0.1,GET,http://localhost:1234/images/ajax-loader.gif,1509694557,,404
1431ec,127.0.0.1,GET,http://localhost:1234/images/logo-footer.png,1509694557,,404
ac87d8,127.0.0.1,GET,http://localhost:1234/js/jquery.min.js,1509694557,,404
1fa2e7,127.0.0.1,GET,http://localhost:1234/js/bootstrap.min.js,1509694557,,404
720fe2,127.0.0.1,GET,http://localhost:1234/js/owl-carousel/owl.carousel.min.js,1509694557,,404
c2a7c2,127.0.0.1,GET,http://localhost:1234/js/counter/jquery.countTo.js,1509694557,,404
0f619c,127.0.0.1,GET,http://localhost:1234/js/jquery.appear.js,1509694557,,404
7cbd87,127.0.0.1,GET,http://localhost:1234/js/magnific-popup/jquery.magnific-popup.min.js,1509694557,,404
6c14be,127.0.0.1,GET,http://localhost:1234/js/retina.min.js,1509694557,,404
8e5355,127.0.0.1,GET,http://localhost:1234/js/wow.min.js,1509694557,,404
6d4eae,127.0.0.1,GET,http://localhost:1234/js/jquery.countdown.min.js,1509694557,,404
9d043f,127.0.0.1,GET,http://localhost:1234/js/custom.js,1509694557,,404
9d957a,127.0.0.1,GET,http://localhost:1234/js/style-customizer.js,1509694557,,404
c882e7,127.0.0.1,GET,http://localhost:1234/js/jquery.min.js,1509694560,,404
eeb0ae,127.0.0.1,GET,http://localhost:1234/assets/images/favicon.ico,1509694561,,404
9fa1a2,127.0.0.1,GET,http://localhost:1234/js/bootstrap.min.js,1509694561,,404
903822,127.0.0.1,GET,http://localhost:1234/images/about/04.jpg,1509694561,,404
d44e08,127.0.0.1,GET,http://localhost:1234/images/banner/bg.jpg,1509694561,,404
e390fb,127.0.0.1,GET,http://localhost:1234/js/owl-carousel/owl.carousel.min.js,1509694561,,404
3fd35e,127.0.0.1,GET,http://localhost:1234/js/counter/jquery.countTo.js,1509694561,,404
5ff12a,127.0.0.1,GET,http://localhost:1234/js/jquery.appear.js,1509694561,,404
e36503,127.0.0.1,GET,http://localhost:1234/js/magnific-popup/jquery.magnific-popup.min.js,1509694562,,404
3bdda3,127.0.0.1,GET,http://localhost:1234/js/retina.min.js,1509694562,,404
8b1950,127.0.0.1,GET,http://localhost:1234/js/wow.min.js,1509694563,,404
db4650,127.0.0.1,GET,http://localhost:1234/js/jquery.countdown.min.js,1509694563,,404
253993,127.0.0.1,GET,http://localhost:1234/js/custom.js,1509694563,,404
abe4a0,127.0.0.1,GET,http://localhost:1234/js/style-customizer.js,1509694563,,404
4d5ab9,127.0.0.1,GET,http://localhost:1234/,1509694567,,200
d369f5,127.0.0.1,GET,http://localhost:1234/assets/css/animate.css,1509694568,,404
85bc36,127.0.0.1,GET,http://localhost:1234/img/logo-4.png,1509694568,,404
e4bd62,127.0.0.1,GET,http://localhost:1234/images/banner/01.png,1509694568,,404
738c65,127.0.0.1,GET,http://localhost:1234/images/services/icon1.png,1509694568,,404
5f6b35,127.0.0.1,GET,http://localhost:1234/images/services/icon3.png,1509694568,,404
530339,127.0.0.1,GET,http://localhost:1234/images/services/icon2.png,1509694568,,404
f7309a,127.0.0.1,GET,http://localhost:1234/images/about-us.jpg,1509694568,,404
d4decd,127.0.0.1,GET,http://localhost:1234/images/screenshots/01.jpg,1509694568,,404
3c8d1b,127.0.0.1,GET,http://localhost:1234/images/screenshots/02.jpg,1509694568,,404
391006,127.0.0.1,GET,http://localhost:1234/images/screenshots/03.jpg,1509694568,,404
6cb8cf,127.0.0.1,GET,http://localhost:1234/images/screenshots/04.jpg,1509694568,,404
f70c5b,127.0.0.1,GET,http://localhost:1234/images/screenshots/05.jpg,1509694568,,404
a21854,127.0.0.1,GET,http://localhost:1234/images/screenshots/06.jpg,1509694568,,404
29362c,127.0.0.1,GET,http://localhost:1234/images/testimonial/01.jpg,1509694568,,404
187f91,127.0.0.1,GET,http://localhost:1234/images/testimonial/02.jpg,1509694568,,404
f16953,127.0.0.1,GET,http://localhost:1234/images/testimonial/03.jpg,1509694568,,404
f43d75,127.0.0.1,GET,http://localhost:1234/images/team/01.jpg,1509694568,,404
8b0f45,127.0.0.1,GET,http://localhost:1234/images/team/02.jpg,1509694568,,404
c64cdb,127.0.0.1,GET,http://localhost:1234/images/team/03.jpg,1509694568,,404
c0e447,127.0.0.1,GET,http://localhost:1234/images/team/04.jpg,1509694568,,404
318601,127.0.0.1,GET,http://localhost:1234/images/01.png,1509694568,,404
a5f116,127.0.0.1,GET,http://localhost:1234/images/faq-1.jpg,1509694568,,404
b2d0e4,127.0.0.1,GET,http://localhost:1234/images/blog/01.jpg,1509694568,,404
1e227e,127.0.0.1,GET,http://localhost:1234/images/blog/02.jpg,1509694568,,404
d8f4fa,127.0.0.1,GET,http://localhost:1234/images/blog/03.jpg,1509694568,,404
b2b44c,127.0.0.1,GET,http://localhost:1234/images/clients/gray/01.png,1509694568,,404
f7deaa,127.0.0.1,GET,http://localhost:1234/images/clients/gray/02.png,1509694568,,404
46c7ad,127.0.0.1,GET,http://localhost:1234/images/clients/gray/03.png,1509694568,,404
b5861b,127.0.0.1,GET,http://localhost:1234/js/jquery.min.js,1509694568,,404
dd251e,127.0.0.1,GET,http://localhost:1234/js/bootstrap.min.js,1509694568,,404
80a9c8,127.0.0.1,GET,http://localhost:1234/js/owl-carousel/owl.carousel.min.js,1509694568,,404
a568e0,127.0.0.1,GET,http://localhost:1234/js/counter/jquery.countTo.js,1509694569,,404
9fd456,127.0.0.1,GET,http://localhost:1234/js/jquery.appear.js,1509694569,,404
0887d4,127.0.0.1,GET,http://localhost:1234/js/magnific-popup/jquery.magnific-popup.min.js,1509694569,,404
6ae703,127.0.0.1,GET,http://localhost:1234/js/retina.min.js,1509694569,,404
4d906e,127.0.0.1,GET,http://localhost:1234/js/wow.min.js,1509694569,,404
fdf599,127.0.0.1,GET,http://localhost:1234/js/jquery.countdown.min.js,1509694569,,404
2e7146,127.0.0.1,GET,http://localhost:1234/js/custom.js,1509694569,,404
6ce18b,127.0.0.1,GET,http://localhost:1234/js/style-customizer.js,1509694569,,404
b2e1d8,127.0.0.1,GET,http://localhost:1234/images/clients/gray/04.png,1509694569,,404
41d64f,127.0.0.1,GET,http://localhost:1234/images/clients/gray/05.png,1509694569,,404
5dd393,127.0.0.1,GET,http://localhost:1234/images/clients/gray/06.png,1509694569,,404
9d4fb8,127.0.0.1,GET,http://localhost:1234/images/clients/gray/07.png,1509694569,,404
3c331f,127.0.0.1,GET,http://localhost:1234/images/clients/gray/08.png,1509694569,,404
1f0b91,127.0.0.1,GET,http://localhost:1234/images/clients/gray/09.png,1509694569,,404
7f7b8f,127.0.0.1,GET,http://localhost:1234/images/02.png,1509694569,,404
c5b7ef,127.0.0.1,GET,http://localhost:1234/images/ajax-loader.gif,1509694569,,404
45a8a2,127.0.0.1,GET,http://localhost:1234/images/logo-footer.png,1509694569,,404
8027c0,127.0.0.1,GET,http://localhost:1234/assets/css/bootstrap.min.css,1509694569,,404
7b2b9a,127.0.0.1,GET,http://localhost:1234/assets/css/owl-carousel/owl.carousel.css,1509694569,,404
b568a4,127.0.0.1,GET,http://localhost:1234/assets/css/font-awesome.css,1509694569,,404
ee6d55,127.0.0.1,GET,http://localhost:1234/assets/css/magnific-popup/magnific-popup.css,1509694569,,404
a366b8,127.0.0.1,GET,http://localhost:1234/assets/css/ionicons.min.css,1509694569,,404
6d2ea1,127.0.0.1,GET,http://localhost:1234/assets/css/style.css,1509694569,,404
b6e9b8,127.0.0.1,GET,http://localhost:1234/assets/css/responsive.css,1509694569,,404
44ca04,127.0.0.1,GET,http://localhost:1234/assets/css/custom.css,1509694569,,404
e48ed7,127.0.0.1,GET,http://localhost:1234/js/jquery.min.js,1509694570,,404
0c06cd,127.0.0.1,GET,http://localhost:1234/js/bootstrap.min.js,1509694571,,404
cc5654,127.0.0.1,GET,http://localhost:1234/images/banner/bg.jpg,1509694571,,404
830cc2,127.0.0.1,GET,http://localhost:1234/images/about/04.jpg,1509694571,,404
a7a034,127.0.0.1,GET,http://localhost:1234/js/owl-carousel/owl.carousel.min.js,1509694571,,404
cf2f95,127.0.0.1,GET,http://localhost:1234/js/counter/jquery.countTo.js,1509694571,,404
1424ba,127.0.0.1,GET,http://localhost:1234/js/jquery.appear.js,1509694571,,404
b6875b,127.0.0.1,GET,http://localhost:1234/js/magnific-popup/jquery.magnific-popup.min.js,1509694571,,404
2511c0,127.0.0.1,GET,http://localhost:1234/js/retina.min.js,1509694572,,404
12edc1,127.0.0.1,GET,http://localhost:1234/js/wow.min.js,1509694572,,404
57f449,127.0.0.1,GET,http://localhost:1234/js/jquery.countdown.min.js,1509694572,,404
20ce5b,127.0.0.1,GET,http://localhost:1234/js/custom.js,1509694572,,404
f5d073,127.0.0.1,GET,http://localhost:1234/js/style-customizer.js,1509694572,,404
0f9a4d,127.0.0.1,GET,http://localhost:1234/assets/css/owl-carousel/owl.carousel.css,1509694594,,404
5713c6,127.0.0.1,GET,http://localhost:1234/,1509694682,,200
aa6bc7,127.0.0.1,GET,http://localhost:1234/assets/css/bootstrap.min.css,1509694682,,404
61b820,127.0.0.1,GET,http://localhost:1234/assets/css/owl-carousel/owl.carousel.css,1509694682,,404
5c7c10,127.0.0.1,GET,http://localhost:1234/assets/css/font-awesome.css,1509694682,,404
0e38b5,127.0.0.1,GET,http://localhost:1234/assets/css/magnific-popup/magnific-popup.css,1509694682,,404
e288f3,127.0.0.1,GET,http://localhost:1234/assets/css/animate.css,1509694682,,404
58706b,127.0.0.1,GET,http://localhost:1234/assets/css/ionicons.min.css,1509694682,,404
c31be5,127.0.0.1,GET,http://localhost:1234/assets/css/style.css,1509694682,,404
f13880,127.0.0.1,GET,http://localhost:1234/assets/css/responsive.css,1509694682,,404
ea2ed3,127.0.0.1,GET,http://localhost:1234/assets/css/custom.css,1509694682,,404
da01e9,127.0.0.1,GET,http://localhost:1234/img/logo-4.png,1509694682,,404
28aa36,127.0.0.1,GET,http://localhost:1234/images/banner/01.png,1509694682,,404
db0e78,127.0.0.1,GET,http://localhost:1234/images/about-us.jpg,1509694682,,404
2e5c4a,127.0.0.1,GET,http://localhost:1234/images/services/icon1.png,1509694682,,404
61d31d,127.0.0.1,GET,http://localhost:1234/images/services/icon2.png,1509694682,,404
b690f1,127.0.0.1,GET,http://localhost:1234/images/services/icon3.png,1509694682,,404
a05b11,127.0.0.1,GET,http://localhost:1234/images/screenshots/01.jpg,1509694682,,404
a9315f,127.0.0.1,GET,http://localhost:1234/images/screenshots/02.jpg,1509694682,,404
73f81a,127.0.0.1,GET,http://localhost:1234/images/screenshots/03.jpg,1509694682,,404
855f72,127.0.0.1,GET,http://localhost:1234/images/screenshots/04.jpg,1509694682,,404
cce520,127.0.0.1,GET,http://localhost:1234/images/screenshots/05.jpg,1509694683,,404
0ef66f,127.0.0.1,GET,http://localhost:1234/images/screenshots/06.jpg,1509694683,,404
f8dd68,127.0.0.1,GET,http://localhost:1234/images/testimonial/01.jpg,1509694683,,404
684773,127.0.0.1,GET,http://localhost:1234/images/testimonial/02.jpg,1509694683,,404
1dff4e,127.0.0.1,GET,http://localhost:1234/images/testimonial/03.jpg,1509694683,,404
d615a3,127.0.0.1,GET,http://localhost:1234/images/team/01.jpg,1509694683,,404
645de2,127.0.0.1,GET,http://localhost:1234/images/team/02.jpg,1509694683,,404
0f8e76,127.0.0.1,GET,http://localhost:1234/images/team/03.jpg,1509694683,,404
548438,127.0.0.1,GET,http://localhost:1234/images/team/04.jpg,1509694683,,404
914da9,127.0.0.1,GET,http://localhost:1234/images/01.png,1509694683,,404
6510df,127.0.0.1,GET,http://localhost:1234/assets/js/jquery.min.js,1509694683,,404
c957c0,127.0.0.1,GET,http://localhost:1234/assets/js/bootstrap.min.js,1509694683,,404
d3db72,127.0.0.1,GET,http://localhost:1234/assets/js/owl-carousel/owl.carousel.min.js,1509694683,,404
353320,127.0.0.1,GET,http://localhost:1234/assets/js/counter/jquery.countTo.js,1509694683,,404
7cdd4b,127.0.0.1,GET,http://localhost:1234/assets/js/jquery.appear.js,1509694683,,404
3c35e2,127.0.0.1,GET,http://localhost:1234/assets/js/magnific-popup/jquery.magnific-popup.min.js,1509694683,,404
4adcfb,127.0.0.1,GET,http://localhost:1234/assets/js/retina.min.js,1509694683,,404
7b263c,127.0.0.1,GET,http://localhost:1234/assets/js/wow.min.js,1509694683,,404
9e2bca,127.0.0.1,GET,http://localhost:1234/assets/js/jquery.countdown.min.js,1509694683,,404
992dcd,127.0.0.1,GET,http://localhost:1234/assets/js/custom.js,1509694683,,404
25e432,127.0.0.1,GET,http://localhost:1234/assets/js/style-customizer.js,1509694683,,404
a2e646,127.0.0.1,GET,http://localhost:1234/images/faq-1.jpg,1509694683,,404
d0404a,127.0.0.1,GET,http://localhost:1234/images/blog/01.jpg,1509694683,,404
405751,127.0.0.1,GET,http://localhost:1234/images/blog/02.jpg,1509694683,,404
47f9cd,127.0.0.1,GET,http://localhost:1234/images/blog/03.jpg,1509694683,,404
684c24,127.0.0.1,GET,http://localhost:1234/images/clients/gray/01.png,1509694683,,404
db5cf2,127.0.0.1,GET,http://localhost:1234/images/clients/gray/02.png,1509694683,,404
c5693c,127.0.0.1,GET,http://localhost:1234/images/clients/gray/03.png,1509694683,,404
f42a0f,127.0.0.1,GET,http://localhost:1234/images/clients/gray/04.png,1509694683,,404
589622,127.0.0.1,GET,http://localhost:1234/images/clients/gray/05.png,1509694683,,404
3de80c,127.0.0.1,GET,http://localhost:1234/images/clients/gray/06.png,1509694683,,404
8e6465,127.0.0.1,GET,http://localhost:1234/images/clients/gray/07.png,1509694683,,404
6ad973,127.0.0.1,GET,http://localhost:1234/images/clients/gray/08.png,1509694683,,404
cd695b,127.0.0.1,GET,http://localhost:1234/images/clients/gray/09.png,1509694683,,404
d0f5e9,127.0.0.1,GET,http://localhost:1234/images/02.png,1509694683,,404
4492c2,127.0.0.1,GET,http://localhost:1234/images/ajax-loader.gif,1509694683,,404
aabb25,127.0.0.1,GET,http://localhost:1234/images/logo-footer.png,1509694683,,404
1954e2,127.0.0.1,GET,http://localhost:1234/assets/js/jquery.min.js,1509694685,,404
21700e,127.0.0.1,GET,http://localhost:1234/assets/js/bootstrap.min.js,1509694685,,404
d08998,127.0.0.1,GET,http://localhost:1234/images/banner/bg.jpg,1509694685,,404
ad0dd6,127.0.0.1,GET,http://localhost:1234/images/about/04.jpg,1509694685,,404
1e6ccc,127.0.0.1,GET,http://localhost:1234/assets/js/owl-carousel/owl.carousel.min.js,1509694685,,404
379d74,127.0.0.1,GET,http://localhost:1234/assets/js/counter/jquery.countTo.js,1509694685,,404
241533,127.0.0.1,GET,http://localhost:1234/assets/js/jquery.appear.js,1509694685,,404
f0252a,127.0.0.1,GET,http://localhost:1234/assets/js/magnific-popup/jquery.magnific-popup.min.js,1509694685,,404
a19189,127.0.0.1,GET,http://localhost:1234/assets/js/retina.min.js,1509694685,,404
8f86f9,127.0.0.1,GET,http://localhost:1234/assets/js/wow.min.js,1509694686,,404
767c49,127.0.0.1,GET,http://localhost:1234/assets/js/jquery.countdown.min.js,1509694686,,404
6bdb87,127.0.0.1,GET,http://localhost:1234/assets/js/custom.js,1509694686,,404
aa504c,127.0.0.1,GET,http://localhost:1234/assets/js/style-customizer.js,1509694687,,404
a5fd32,127.0.0.1,GET,http://localhost:1234/assets/css/bootstrap.min.css,1509694864,,404
e7bf06,127.0.0.1,GET,http://localhost:1234/,1509694990,,500
204e85,127.0.0.1,GET,http://localhost:1234/,1509695747,,500
208ce0,127.0.0.1,GET,http://localhost:1234/,1509695754,,500
819aa6,127.0.0.1,GET,http://localhost:1234/,1509695759,,500
dec50e,127.0.0.1,GET,http://localhost:1234/,1509695839,,500
c7dd62,127.0.0.1,GET,http://localhost:1234/,1509695845,,500
7c782c,127.0.0.1,GET,http://localhost:1234/,1509695877,,500
76228f,127.0.0.1,GET,http://localhost:1234/,1509695893,,500
1c663f,127.0.0.1,GET,http://localhost:1234/,1509695912,,500
1ba900,127.0.0.1,GET,http://localhost:1234/,1509695921,,500
451d09,127.0.0.1,GET,http://localhost:1234/,1509695976,,200
12ec81,127.0.0.1,GET,http://localhost:1234/img/logo-4.png,1509695976,,404
d43c92,127.0.0.1,GET,http://localhost:1234/images/banner/01.png,1509695976,,404
360d06,127.0.0.1,GET,http://localhost:1234/images/services/icon1.png,1509695976,,404
a5bb64,127.0.0.1,GET,http://localhost:1234/images/services/icon2.png,1509695977,,404
f887ed,127.0.0.1,GET,http://localhost:1234/images/services/icon3.png,1509695977,,404
c82804,127.0.0.1,GET,http://localhost:1234/images/about-us.jpg,1509695977,,404
50c30f,127.0.0.1,GET,http://localhost:1234/images/screenshots/01.jpg,1509695977,,404
78bb28,127.0.0.1,GET,http://localhost:1234/images/screenshots/02.jpg,1509695977,,404
772394,127.0.0.1,GET,http://localhost:1234/images/screenshots/03.jpg,1509695977,,404
05f164,127.0.0.1,GET,http://localhost:1234/images/screenshots/04.jpg,1509695977,,404
0c1ef3,127.0.0.1,GET,http://localhost:1234/images/screenshots/05.jpg,1509695977,,404
daa432,127.0.0.1,GET,http://localhost:1234/images/screenshots/06.jpg,1509695977,,404
5cca02,127.0.0.1,GET,http://localhost:1234/images/testimonial/01.jpg,1509695977,,404
44883b,127.0.0.1,GET,http://localhost:1234/images/testimonial/02.jpg,1509695977,,404
cdaca7,127.0.0.1,GET,http://localhost:1234/images/testimonial/03.jpg,1509695977,,404
b493eb,127.0.0.1,GET,http://localhost:1234/images/team/01.jpg,1509695977,,404
8139ac,127.0.0.1,GET,http://localhost:1234/images/team/02.jpg,1509695977,,404
651054,127.0.0.1,GET,http://localhost:1234/images/team/03.jpg,1509695977,,404
18f461,127.0.0.1,GET,http://localhost:1234/images/team/04.jpg,1509695977,,404
90dcdc,127.0.0.1,GET,http://localhost:1234/images/01.png,1509695977,,404
0392a8,127.0.0.1,GET,http://localhost:1234/assets/css/owl-carousel/owl.carousel.css,1509695977,,404
29858f,127.0.0.1,GET,http://localhost:1234/assets/css/font-awesome.css,1509695977,,404
48f526,127.0.0.1,GET,http://localhost:1234/assets/css/magnific-popup/magnific-popup.css,1509695977,,404
088566,127.0.0.1,GET,http://localhost:1234/assets/css/animate.css,1509695977,,404
7412f6,127.0.0.1,GET,http://localhost:1234/assets/css/ionicons.min.css,1509695977,,404
c9b1b8,127.0.0.1,GET,http://localhost:1234/assets/css/style.css,1509695977,,404
2b308f,127.0.0.1,GET,http://localhost:1234/assets/css/responsive.css,1509695977,,404
c1f592,127.0.0.1,GET,http://localhost:1234/assets/css/custom.css,1509695977,,404
9de7d2,127.0.0.1,GET,http://localhost:1234/assets/js/jquery.min.js,1509695978,,404
52d0d2,127.0.0.1,GET,http://localhost:1234/assets/js/bootstrap.min.js,1509695978,,404
86b507,127.0.0.1,GET,http://localhost:1234/assets/js/owl-carousel/owl.carousel.min.js,1509695978,,404
3fd561,127.0.0.1,GET,http://localhost:1234/assets/js/counter/jquery.countTo.js,1509695978,,404
e4ef3b,127.0.0.1,GET,http://localhost:1234/assets/js/jquery.appear.js,1509695978,,404
02df82,127.0.0.1,GET,http://localhost:1234/assets/js/magnific-popup/jquery.magnific-popup.min.js,1509695978,,404
10781d,127.0.0.1,GET,http://localhost:1234/assets/js/retina.min.js,1509695978,,404
8b8669,127.0.0.1,GET,http://localhost:1234/assets/js/wow.min.js,1509695978,,404
766062,127.0.0.1,GET,http://localhost:1234/assets/js/jquery.countdown.min.js,1509695978,,404
34ff53,127.0.0.1,GET,http://localhost:1234/assets/js/custom.js,1509695978,,404
1e704f,127.0.0.1,GET,http://localhost:1234/assets/js/style-customizer.js,1509695978,,404
4a20ae,127.0.0.1,GET,http://localhost:1234/images/faq-1.jpg,1509695978,,404
dfc4b5,127.0.0.1,GET,http://localhost:1234/images/blog/01.jpg,1509695978,,404
4f2d9d,127.0.0.1,GET,http://localhost:1234/images/blog/02.jpg,1509695978,,404
b13939,127.0.0.1,GET,http://localhost:1234/images/blog/03.jpg,1509695978,,404
6c4600,127.0.0.1,GET,http://localhost:1234/images/clients/gray/01.png,1509695978,,404
d5d672,127.0.0.1,GET,http://localhost:1234/images/clients/gray/02.png,1509695978,,404
ce79d8,127.0.0.1,GET,http://localhost:1234/images/clients/gray/03.png,1509695978,,404
944364,127.0.0.1,GET,http://localhost:1234/images/clients/gray/04.png,1509695978,,404
a6c108,127.0.0.1,GET,http://localhost:1234/images/clients/gray/05.png,1509695978,,404
fecf40,127.0.0.1,GET,http://localhost:1234/images/clients/gray/06.png,1509695978,,404
594034,127.0.0.1,GET,http://localhost:1234/images/clients/gray/07.png,1509695978,,404
7dd3e6,127.0.0.1,GET,http://localhost:1234/images/clients/gray/08.png,1509695978,,404
f174b7,127.0.0.1,GET,http://localhost:1234/images/clients/gray/09.png,1509695978,,404
e24b7b,127.0.0.1,GET,http://localhost:1234/images/02.png,1509695978,,404
5def46,127.0.0.1,GET,http://localhost:1234/images/ajax-loader.gif,1509695978,,404
f57673,127.0.0.1,GET,http://localhost:1234/images/logo-footer.png,1509695978,,404
c5a6e8,127.0.0.1,GET,http://localhost:1234/assets/js/jquery.min.js,1509695983,,404
d7f811,127.0.0.1,GET,http://localhost:1234/assets/js/bootstrap.min.js,1509695983,,404
c5e0b3,127.0.0.1,GET,http://localhost:1234/images/banner/bg.jpg,1509695983,,404
2e31ea,127.0.0.1,GET,http://localhost:1234/images/about/04.jpg,1509695983,,404
f294ec,127.0.0.1,GET,http://localhost:1234/assets/js/owl-carousel/owl.carousel.min.js,1509695983,,404
9a719c,127.0.0.1,GET,http://localhost:1234/assets/js/counter/jquery.countTo.js,1509695983,,404
24b0fd,127.0.0.1,GET,http://localhost:1234/assets/js/jquery.appear.js,1509695983,,404
bf8337,127.0.0.1,GET,http://localhost:1234/assets/js/magnific-popup/jquery.magnific-popup.min.js,1509695984,,404
6129bd,127.0.0.1,GET,http://localhost:1234/assets/js/retina.min.js,1509695984,,404
0c5cca,127.0.0.1,GET,http://localhost:1234/assets/js/wow.min.js,1509695984,,404
427d3a,127.0.0.1,GET,http://localhost:1234/assets/js/jquery.countdown.min.js,1509695985,,404
813388,127.0.0.1,GET,http://localhost:1234/assets/js/custom.js,1509695985,,404
f34ccb,127.0.0.1,GET,http://localhost:1234/assets/js/style-customizer.js,1509695985,,404
56c2b0,127.0.0.1,GET,http://localhost:1234/,1509696030,,200
bdd782,127.0.0.1,GET,http://localhost:1234/home/jimmy/Projects/yap_project/webcss/bootstrap.min.css,1509696030,,404
e771d3,127.0.0.1,GET,http://localhost:1234/img/logo-4.png,1509696030,,404
343c59,127.0.0.1,GET,http://localhost:1234/images/banner/01.png,1509696031,,404
f01bce,127.0.0.1,GET,http://localhost:1234/images/services/icon1.png,1509696031,,404
3562bf,127.0.0.1,GET,http://localhost:1234/images/services/icon2.png,1509696031,,404
c34117,127.0.0.1,GET,http://localhost:1234/images/services/icon3.png,1509696031,,404
79c97c,127.0.0.1,GET,http://localhost:1234/images/about-us.jpg,1509696031,,404
b595e3,127.0.0.1,GET,http://localhost:1234/images/screenshots/01.jpg,1509696031,,404
f491a6,127.0.0.1,GET,http://localhost:1234/images/screenshots/02.jpg,1509696031,,404
7609d9,127.0.0.1,GET,http://localhost:1234/images/screenshots/03.jpg,1509696031,,404
19aca6,127.0.0.1,GET,http://localhost:1234/images/screenshots/04.jpg,1509696031,,404
b6c413,127.0.0.1,GET,http://localhost:1234/images/screenshots/05.jpg,1509696031,,404
3b8593,127.0.0.1,GET,http://localhost:1234/images/screenshots/06.jpg,1509696031,,404
287bd1,127.0.0.1,GET,http://localhost:1234/images/testimonial/01.jpg,1509696031,,404
0af8fb,127.0.0.1,GET,http://localhost:1234/images/testimonial/02.jpg,1509696031,,404
8a4460,127.0.0.1,GET,http://localhost:1234/images/testimonial/03.jpg,1509696031,,404
76887d,127.0.0.1,GET,http://localhost:1234/images/team/01.jpg,1509696031,,404
c2a6ba,127.0.0.1,GET,http://localhost:1234/images/team/02.jpg,1509696031,,404
20b916,127.0.0.1,GET,http://localhost:1234/images/team/03.jpg,1509696031,,404
95666b,127.0.0.1,GET,http://localhost:1234/images/team/04.jpg,1509696031,,404
90465e,127.0.0.1,GET,http://localhost:1234/images/01.png,1509696031,,404
65887b,127.0.0.1,GET,http://localhost:1234/images/faq-1.jpg,1509696031,,404
592ba2,127.0.0.1,GET,http://localhost:1234/images/blog/01.jpg,1509696031,,404
c58bd5,127.0.0.1,GET,http://localhost:1234/images/blog/02.jpg,1509696031,,404
54b3fa,127.0.0.1,GET,http://localhost:1234/images/blog/03.jpg,1509696031,,404
dadbe5,127.0.0.1,GET,http://localhost:1234/images/clients/gray/01.png,1509696031,,404
6bb238,127.0.0.1,GET,http://localhost:1234/assets/css/owl-carousel/owl.carousel.css,1509696031,,404
e69cac,127.0.0.1,GET,http://localhost:1234/assets/css/font-awesome.css,1509696031,,404
ebc32d,127.0.0.1,GET,http://localhost:1234/assets/css/magnific-popup/magnific-popup.css,1509696031,,404
e30339,127.0.0.1,GET,http://localhost:1234/assets/css/animate.css,1509696031,,404
ce86da,127.0.0.1,GET,http://localhost:1234/assets/css/ionicons.min.css,1509696031,,404
da7e38,127.0.0.1,GET,http://localhost:1234/assets/css/style.css,1509696032,,404
88d4fb,127.0.0.1,GET,http://localhost:1234/assets/css/responsive.css,1509696032,,404
d83056,127.0.0.1,GET,http://localhost:1234/assets/css/custom.css,1509696032,,404
1504b9,127.0.0.1,GET,http://localhost:1234/images/clients/gray/07.png,1509696032,,404
7dac0c,127.0.0.1,GET,http://localhost:1234/images/clients/gray/02.png,1509696032,,404
b93640,127.0.0.1,GET,http://localhost:1234/images/clients/gray/03.png,1509696032,,404
9c9401,127.0.0.1,GET,http://localhost:1234/images/clients/gray/04.png,1509696032,,404
08ea4f,127.0.0.1,GET,http://localhost:1234/images/clients/gray/05.png,1509696032,,404
e73078,127.0.0.1,GET,http://localhost:1234/images/clients/gray/06.png,1509696032,,404
2718b5,127.0.0.1,GET,http://localhost:1234/images/clients/gray/08.png,1509696032,,404
d5f6b1,127.0.0.1,GET,http://localhost:1234/images/clients/gray/09.png,1509696032,,404
b573b5,127.0.0.1,GET,http://localhost:1234/images/02.png,1509696032,,404
222753,127.0.0.1,GET,http://localhost:1234/images/ajax-loader.gif,1509696032,,404
a8514b,127.0.0.1,GET,http://localhost:1234/images/logo-footer.png,1509696032,,404
b3b91c,127.0.0.1,GET,http://localhost:1234/assets/js/jquery.min.js,1509696032,,404
af5b7a,127.0.0.1,GET,http://localhost:1234/assets/js/bootstrap.min.js,1509696032,,404
f89333,127.0.0.1,GET,http://localhost:1234/assets/js/owl-carousel/owl.carousel.min.js,1509696032,,404
856b56,127.0.0.1,GET,http://localhost:1234/assets/js/counter/jquery.countTo.js,1509696032,,404
cadca6,127.0.0.1,GET,http://localhost:1234/assets/js/jquery.appear.js,1509696032,,404
6c3999,127.0.0.1,GET,http://localhost:1234/assets/js/magnific-popup/jquery.magnific-popup.min.js,1509696032,,404
94425c,127.0.0.1,GET,http://localhost:1234/assets/js/retina.min.js,1509696032,,404
8cb1ec,127.0.0.1,GET,http://localhost:1234/assets/js/wow.min.js,1509696032,,404
2b539f,127.0.0.1,GET,http://localhost:1234/assets/js/jquery.countdown.min.js,1509696032,,404
8270a1,127.0.0.1,GET,http://localhost:1234/assets/js/custom.js,1509696032,,404
f22053,127.0.0.1,GET,http://localhost:1234/assets/js/style-customizer.js,1509696032,,404
469833,127.0.0.1,GET,http://localhost:1234/assets/js/jquery.min.js,1509696035,,404
8c12c9,127.0.0.1,GET,http://localhost:1234/assets/js/bootstrap.min.js,1509696036,,404
12a8d8,127.0.0.1,GET,http://localhost:1234/images/banner/bg.jpg,1509696036,,404
14e4f5,127.0.0.1,GET,http://localhost:1234/images/about/04.jpg,1509696036,,404
6de439,127.0.0.1,GET,http://localhost:1234/assets/js/owl-carousel/owl.carousel.min.js,1509696036,,404
8f56a5,127.0.0.1,GET,http://localhost:1234/assets/js/counter/jquery.countTo.js,1509696036,,404
37ea3d,127.0.0.1,GET,http://localhost:1234/assets/js/jquery.appear.js,1509696037,,404
c4a774,127.0.0.1,GET,http://localhost:1234/assets/js/magnific-popup/jquery.magnific-popup.min.js,1509696037,,404
f12914,127.0.0.1,GET,http://localhost:1234/assets/js/retina.min.js,1509696037,,404
fc56a4,127.0.0.1,GET,http://localhost:1234/assets/js/wow.min.js,1509696038,,404
944d72,127.0.0.1,GET,http://localhost:1234/assets/js/jquery.countdown.min.js,1509696039,,404
9bd0a5,127.0.0.1,GET,http://localhost:1234/assets/js/custom.js,1509696040,,404
f456bf,127.0.0.1,GET,http://localhost:1234/assets/js/style-customizer.js,1509696041,,404
f9955b,127.0.0.1,GET,http://localhost:1234/,1509696104,,200
750b1b,127.0.0.1,GET,http://localhost:1234/home/jimmy/Projects/yap_project/web/css/bootstrap.min.css,1509696105,,404
a6f3b1,127.0.0.1,GET,http://localhost:1234/img/logo-4.png,1509696105,,404
616601,127.0.0.1,GET,http://localhost:1234/images/banner/01.png,1509696105,,404
a17535,127.0.0.1,GET,http://localhost:1234/images/services/icon1.png,1509696105,,404
ace946,127.0.0.1,GET,http://localhost:1234/images/services/icon2.png,1509696105,,404
f1008a,127.0.0.1,GET,http://localhost:1234/images/services/icon3.png,1509696105,,404
3b660a,127.0.0.1,GET,http://localhost:1234/images/about-us.jpg,1509696105,,404
c25496,127.0.0.1,GET,http://localhost:1234/images/screenshots/01.jpg,1509696105,,404
0583a1,127.0.0.1,GET,http://localhost:1234/images/screenshots/02.jpg,1509696105,,404
a623b8,127.0.0.1,GET,http://localhost:1234/images/screenshots/03.jpg,1509696105,,404
850481,127.0.0.1,GET,http://localhost:1234/images/screenshots/04.jpg,1509696105,,404
acd0fe,127.0.0.1,GET,http://localhost:1234/images/screenshots/05.jpg,1509696105,,404
3125b2,127.0.0.1,GET,http://localhost:1234/images/screenshots/06.jpg,1509696105,,404
322d7a,127.0.0.1,GET,http://localhost:1234/images/testimonial/01.jpg,1509696105,,404
f84b6c,127.0.0.1,GET,http://localhost:1234/images/testimonial/02.jpg,1509696105,,404
d0e189,127.0.0.1,GET,http://localhost:1234/images/testimonial/03.jpg,1509696105,,404
ddaea3,127.0.0.1,GET,http://localhost:1234/images/team/01.jpg,1509696105,,404
b1bbc6,127.0.0.1,GET,http://localhost:1234/images/team/02.jpg,1509696105,,404
843a79,127.0.0.1,GET,http://localhost:1234/images/team/03.jpg,1509696105,,404
4858ee,127.0.0.1,GET,http://localhost:1234/images/team/04.jpg,1509696105,,404
27bd39,127.0.0.1,GET,http://localhost:1234/images/01.png,1509696105,,404
1565f6,127.0.0.1,GET,http://localhost:1234/images/faq-1.jpg,1509696105,,404
1314b1,127.0.0.1,GET,http://localhost:1234/images/blog/01.jpg,1509696105,,404
4fbb11,127.0.0.1,GET,http://localhost:1234/images/blog/02.jpg,1509696105,,404
062c9c,127.0.0.1,GET,http://localhost:1234/images/blog/03.jpg,1509696105,,404
7a4e8c,127.0.0.1,GET,http://localhost:1234/images/clients/gray/01.png,1509696105,,404
66a8f3,127.0.0.1,GET,http://localhost:1234/images/clients/gray/02.png,1509696105,,404
6f8c76,127.0.0.1,GET,http://localhost:1234/images/clients/gray/03.png,1509696105,,404
598adf,127.0.0.1,GET,http://localhost:1234/images/clients/gray/04.png,1509696105,,404
074324,127.0.0.1,GET,http://localhost:1234/images/clients/gray/05.png,1509696105,,404
68c04a,127.0.0.1,GET,http://localhost:1234/images/clients/gray/06.png,1509696105,,404
72a468,127.0.0.1,GET,http://localhost:1234/images/clients/gray/07.png,1509696105,,404
383d5c,127.0.0.1,GET,http://localhost:1234/images/clients/gray/08.png,1509696105,,404
02e6d8,127.0.0.1,GET,http://localhost:1234/images/clients/gray/09.png,1509696105,,404
fc1129,127.0.0.1,GET,http://localhost:1234/images/02.png,1509696105,,404
f90cf0,127.0.0.1,GET,http://localhost:1234/assets/css/owl-carousel/owl.carousel.css,1509696106,,404
6523ea,127.0.0.1,GET,http://localhost:1234/assets/css/font-awesome.css,1509696106,,404
02b12e,127.0.0.1,GET,http://localhost:1234/assets/css/magnific-popup/magnific-popup.css,1509696106,,404
01301b,127.0.0.1,GET,http://localhost:1234/assets/css/animate.css,1509696106,,404
4bb9ab,127.0.0.1,GET,http://localhost:1234/assets/css/ionicons.min.css,1509696106,,404
4d5616,127.0.0.1,GET,http://localhost:1234/assets/css/style.css,1509696106,,404
7eb46b,127.0.0.1,GET,http://localhost:1234/assets/css/responsive.css,1509696106,,404
25e9e0,127.0.0.1,GET,http://localhost:1234/assets/css/custom.css,1509696106,,404
0b028e,127.0.0.1,GET,http://localhost:1234/assets/js/jquery.min.js,1509696106,,404
ac8cd7,127.0.0.1,GET,http://localhost:1234/assets/js/bootstrap.min.js,1509696106,,404
9c1fef,127.0.0.1,GET,http://localhost:1234/assets/js/owl-carousel/owl.carousel.min.js,1509696106,,404
dfabb0,127.0.0.1,GET,http://localhost:1234/assets/js/counter/jquery.countTo.js,1509696106,,404
30eb25,127.0.0.1,GET,http://localhost:1234/assets/js/jquery.appear.js,1509696106,,404
2a3952,127.0.0.1,GET,http://localhost:1234/assets/js/magnific-popup/jquery.magnific-popup.min.js,1509696106,,404
9277c6,127.0.0.1,GET,http://localhost:1234/assets/js/retina.min.js,1509696106,,404
26ca10,127.0.0.1,GET,http://localhost:1234/assets/js/wow.min.js,1509696106,,404
a92488,127.0.0.1,GET,http://localhost:1234/assets/js/jquery.countdown.min.js,1509696106,,404
820170,127.0.0.1,GET,http://localhost:1234/assets/js/custom.js,1509696106,,404
43605f,127.0.0.1,GET,http://localhost:1234/assets/js/style-customizer.js,1509696106,,404
6d0d9b,127.0.0.1,GET,http://localhost:1234/images/ajax-loader.gif,1509696106,,404
9589ce,127.0.0.1,GET,http://localhost:1234/images/logo-footer.png,1509696106,,404
eed4ed,127.0.0.1,GET,http://localhost:1234/assets/js/jquery.min.js,1509696107,,404
20f4c4,127.0.0.1,GET,http://localhost:1234/assets/js/bootstrap.min.js,1509696108,,404
9a1dce,127.0.0.1,GET,http://localhost:1234/assets/js/owl-carousel/owl.carousel.min.js,1509696108,,404
5aca3d,127.0.0.1,GET,http://localhost:1234/images/banner/bg.jpg,1509696108,,404
8baf0a,127.0.0.1,GET,http://localhost:1234/images/about/04.jpg,1509696108,,404
a5f495,127.0.0.1,GET,http://localhost:1234/assets/js/counter/jquery.countTo.js,1509696109,,404
c3b22e,127.0.0.1,GET,http://localhost:1234/assets/js/jquery.appear.js,1509696109,,404
b6a678,127.0.0.1,GET,http://localhost:1234/assets/js/magnific-popup/jquery.magnific-popup.min.js,1509696109,,404
c2702e,127.0.0.1,GET,http://localhost:1234/assets/js/retina.min.js,1509696110,,404
fc9293,127.0.0.1,GET,http://localhost:1234/assets/js/wow.min.js,1509696111,,404
bf6a7c,127.0.0.1,GET,http://localhost:1234/assets/js/jquery.countdown.min.js,1509696111,,404
6845cd,127.0.0.1,GET,http://localhost:1234/assets/js/custom.js,1509696112,,404
296bff,127.0.0.1,GET,http://localhost:1234/assets/js/style-customizer.js,1509696112,,404
11338b,127.0.0.1,GET,http://localhost:1234/,1509696172,,200
3c29d7,127.0.0.1,GET,http://localhost:1234/web/css/bootstrap.min.css/,1509696172,,200
d6aa32,127.0.0.1,GET,http://localhost:1234/assets/css/owl-carousel/owl.carousel.css,1509696172,,404
255417,127.0.0.1,GET,http://localhost:1234/assets/css/font-awesome.css,1509696172,,404
e10b3b,127.0.0.1,GET,http://localhost:1234/assets/css/magnific-popup/magnific-popup.css,1509696172,,404
350890,127.0.0.1,GET,http://localhost:1234/assets/css/animate.css,1509696172,,404
1862e0,127.0.0.1,GET,http://localhost:1234/assets/css/ionicons.min.css,1509696172,,404
0ba35e,127.0.0.1,GET,http://localhost:1234/assets/css/style.css,1509696172,,404
1fc5b8,127.0.0.1,GET,http://localhost:1234/assets/css/responsive.css,1509696172,,404
c782a2,127.0.0.1,GET,http://localhost:1234/assets/css/custom.css,1509696172,,404
07d0ed,127.0.0.1,GET,http://localhost:1234/img/logo-4.png,1509696173,,404
6e0464,127.0.0.1,GET,http://localhost:1234/images/screenshots/04.jpg,1509696173,,404
073738,127.0.0.1,GET,http://localhost:1234/images/screenshots/02.jpg,1509696173,,404
18c762,127.0.0.1,GET,http://localhost:1234/images/screenshots/03.jpg,1509696173,,404
ecc9df,127.0.0.1,GET,http://localhost:1234/images/services/icon3.png,1509696173,,404
eb4c63,127.0.0.1,GET,http://localhost:1234/images/about-us.jpg,1509696173,,404
54e827,127.0.0.1,GET,http://localhost:1234/images/screenshots/01.jpg,1509696173,,404
146a74,127.0.0.1,GET,http://localhost:1234/images/services/icon1.png,1509696173,,404
4d54cf,127.0.0.1,GET,http://localhost:1234/images/services/icon2.png,1509696173,,404
5d9bbc,127.0.0.1,GET,http://localhost:1234/images/testimonial/01.jpg,1509696173,,404
4c938b,127.0.0.1,GET,http://localhost:1234/images/testimonial/02.jpg,1509696173,,404
785dce,127.0.0.1,GET,http://localhost:1234/images/screenshots/05.jpg,1509696173,,404
09bc6d,127.0.0.1,GET,http://localhost:1234/images/screenshots/06.jpg,1509696173,,404
880698,127.0.0.1,GET,http://localhost:1234/images/banner/01.png,1509696173,,404
29ff1d,127.0.0.1,GET,http://localhost:1234/assets/js/jquery.min.js,1509696173,,404
72181d,127.0.0.1,GET,http://localhost:1234/assets/js/bootstrap.min.js,1509696173,,404
986640,127.0.0.1,GET,http://localhost:1234/assets/js/owl-carousel/owl.carousel.min.js,1509696173,,404
c2ace6,127.0.0.1,GET,http://localhost:1234/assets/js/counter/jquery.countTo.js,1509696173,,404
131722,127.0.0.1,GET,http://localhost:1234/assets/js/jquery.appear.js,1509696173,,404
fd8e1d,127.0.0.1,GET,http://localhost:1234/assets/js/magnific-popup/jquery.magnific-popup.min.js,1509696173,,404
72a0ca,127.0.0.1,GET,http://localhost:1234/assets/js/retina.min.js,1509696173,,404
52fc54,127.0.0.1,GET,http://localhost:1234/assets/js/wow.min.js,1509696173,,404
dc92bc,127.0.0.1,GET,http://localhost:1234/assets/js/jquery.countdown.min.js,1509696173,,404
0c101f,127.0.0.1,GET,http://localhost:1234/assets/js/custom.js,1509696173,,404
8ea9ba,127.0.0.1,GET,http://localhost:1234/assets/js/style-customizer.js,1509696173,,404
a47bb0,127.0.0.1,GET,http://localhost:1234/images/testimonial/03.jpg,1509696173,,404
c4b382,127.0.0.1,GET,http://localhost:1234/images/team/01.jpg,1509696173,,404
b89ffe,127.0.0.1,GET,http://localhost:1234/images/team/02.jpg,1509696173,,404
3e89ae,127.0.0.1,GET,http://localhost:1234/images/team/03.jpg,1509696173,,404
f19572,127.0.0.1,GET,http://localhost:1234/images/team/04.jpg,1509696173,,404
c6cd26,127.0.0.1,GET,http://localhost:1234/images/01.png,1509696173,,404
a859fb,127.0.0.1,GET,http://localhost:1234/images/faq-1.jpg,1509696173,,404
62c3df,127.0.0.1,GET,http://localhost:1234/images/blog/01.jpg,1509696173,,404
cbaa77,127.0.0.1,GET,http://localhost:1234/images/blog/02.jpg,1509696173,,404
265c49,127.0.0.1,GET,http://localhost:1234/images/blog/03.jpg,1509696173,,404
0c3f77,127.0.0.1,GET,http://localhost:1234/images/clients/gray/01.png,1509696173,,404
9eae7f,127.0.0.1,GET,http://localhost:1234/images/clients/gray/02.png,1509696173,,404
314595,127.0.0.1,GET,http://localhost:1234/images/clients/gray/03.png,1509696173,,404
2295b7,127.0.0.1,GET,http://localhost:1234/images/clients/gray/04.png,1509696173,,404
28ca12,127.0.0.1,GET,http://localhost:1234/images/clients/gray/05.png,1509696173,,404
012622,127.0.0.1,GET,http://localhost:1234/images/clients/gray/06.png,1509696173,,404
ad11cb,127.0.0.1,GET,http://localhost:1234/images/clients/gray/07.png,1509696174,,404
d1f8b0,127.0.0.1,GET,http://localhost:1234/images/clients/gray/08.png,1509696174,,404
b5f70d,127.0.0.1,GET,http://localhost:1234/images/clients/gray/09.png,1509696174,,404
f59b49,127.0.0.1,GET,http://localhost:1234/images/02.png,1509696174,,404
ef582b,127.0.0.1,GET,http://localhost:1234/images/ajax-loader.gif,1509696174,,404
5e04c6,127.0.0.1,GET,http://localhost:1234/images/logo-footer.png,1509696174,,404
5fb340,127.0.0.1,GET,http://localhost:1234/assets/js/jquery.min.js,1509696176,,404
06c840,127.0.0.1,GET,http://localhost:1234/assets/js/bootstrap.min.js,1509696176,,404
016c9e,127.0.0.1,GET,http://localhost:1234/images/banner/bg.jpg,1509696177,,404
e89eb6,127.0.0.1,GET,http://localhost:1234/images/about/04.jpg,1509696177,,404
553fa7,127.0.0.1,GET,http://localhost:1234/assets/js/owl-carousel/owl.carousel.min.js,1509696177,,404
2eb3e4,127.0.0.1,GET,http://localhost:1234/assets/js/counter/jquery.countTo.js,1509696177,,404
ed040b,127.0.0.1,GET,http://localhost:1234/assets/js/jquery.appear.js,1509696177,,404
60a234,127.0.0.1,GET,http://localhost:1234/assets/js/magnific-popup/jquery.magnific-popup.min.js,1509696178,,404
ef6ba9,127.0.0.1,GET,http://localhost:1234/assets/js/retina.min.js,1509696179,,404
72f606,127.0.0.1,GET,http://localhost:1234/assets/js/wow.min.js,1509696179,,404
ae80ac,127.0.0.1,GET,http://localhost:1234/assets/js/jquery.countdown.min.js,1509696180,,404
792a0c,127.0.0.1,GET,http://localhost:1234/assets/js/custom.js,1509696181,,404
5fa157,127.0.0.1,GET,http://localhost:1234/assets/js/style-customizer.js,1509696182,,404
028777,127.0.0.1,GET,http://localhost:1234/assets/images/favicon.ico,1509696232,,404
0a7c98,127.0.0.1,GET,http://localhost:1234/,1509696586,,200
eeb89f,127.0.0.1,GET,http://localhost:1234/img/logo-4.png,1509696586,,404
e06824,127.0.0.1,GET,http://localhost:1234/images/banner/01.png,1509696587,,404
b5b4cb,127.0.0.1,GET,http://localhost:1234/images/services/icon1.png,1509696587,,404
d57103,127.0.0.1,GET,http://localhost:1234/images/services/icon2.png,1509696587,,404
dcc63f,127.0.0.1,GET,http://localhost:1234/images/services/icon3.png,1509696587,,404
b738bf,127.0.0.1,GET,http://localhost:1234/images/about-us.jpg,1509696587,,404
f577d8,127.0.0.1,GET,http://localhost:1234/images/screenshots/01.jpg,1509696587,,404
4428e6,127.0.0.1,GET,http://localhost:1234/images/screenshots/02.jpg,1509696587,,404
752e0b,127.0.0.1,GET,http://localhost:1234/images/screenshots/03.jpg,1509696587,,404
b3f1a3,127.0.0.1,GET,http://localhost:1234/images/screenshots/04.jpg,1509696587,,404
4153d0,127.0.0.1,GET,http://localhost:1234/images/screenshots/05.jpg,1509696587,,404
2cd8b2,127.0.0.1,GET,http://localhost:1234/images/screenshots/06.jpg,1509696587,,404
910b58,127.0.0.1,GET,http://localhost:1234/images/testimonial/01.jpg,1509696587,,404
a7e8bd,127.0.0.1,GET,http://localhost:1234/images/testimonial/02.jpg,1509696587,,404
c4007a,127.0.0.1,GET,http://localhost:1234/images/testimonial/03.jpg,1509696587,,404
5cbdda,127.0.0.1,GET,http://localhost:1234/images/team/01.jpg,1509696587,,404
06262e,127.0.0.1,GET,http://localhost:1234/images/team/02.jpg,1509696587,,404
d2b055,127.0.0.1,GET,http://localhost:1234/images/team/03.jpg,1509696587,,404
971285,127.0.0.1,GET,http://localhost:1234/images/team/04.jpg,1509696587,,404
b006f6,127.0.0.1,GET,http://localhost:1234/images/01.png,1509696587,,404
c11bd5,127.0.0.1,GET,http://localhost:1234/images/faq-1.jpg,1509696587,,404
e62c8b,127.0.0.1,GET,http://localhost:1234/images/blog/01.jpg,1509696587,,404
bd99e7,127.0.0.1,GET,http://localhost:1234/images/blog/02.jpg,1509696587,,404
864d2a,127.0.0.1,GET,http://localhost:1234/images/blog/03.jpg,1509696587,,404
56c79d,127.0.0.1,GET,http://localhost:1234/images/clients/gray/01.png,1509696587,,404
c3a43e,127.0.0.1,GET,http://localhost:1234/images/clients/gray/02.png,1509696587,,404
62d50e,127.0.0.1,GET,http://localhost:1234/images/clients/gray/03.png,1509696587,,404
984b48,127.0.0.1,GET,http://localhost:1234/images/clients/gray/04.png,1509696587,,404
676dbc,127.0.0.1,GET,http://localhost:1234/images/clients/gray/05.png,1509696587,,404
1ee8da,127.0.0.1,GET,http://localhost:1234/images/clients/gray/06.png,1509696587,,404
2d7661,127.0.0.1,GET,http://localhost:1234/images/clients/gray/07.png,1509696587,,404
9006b8,127.0.0.1,GET,http://localhost:1234/images/clients/gray/08.png,1509696587,,404
24dea8,127.0.0.1,GET,http://localhost:1234/images/clients/gray/09.png,1509696587,,404
50fdf8,127.0.0.1,GET,http://localhost:1234/images/02.png,1509696587,,404
841df4,127.0.0.1,GET,http://localhost:1234/images/ajax-loader.gif,1509696587,,404
a523b8,127.0.0.1,GET,http://localhost:1234/images/logo-footer.png,1509696587,,404
dd5485,127.0.0.1,GET,http://localhost:1234/assets/css/owl-carousel/owl.carousel.css,1509696587,,404
503dc9,127.0.0.1,GET,http://localhost:1234/assets/css/font-awesome.css,1509696587,,404
196e99,127.0.0.1,GET,http://localhost:1234/assets/css/magnific-popup/magnific-popup.css,1509696587,,404
b29f46,127.0.0.1,GET,http://localhost:1234/assets/css/animate.css,1509696587,,404
e2a802,127.0.0.1,GET,http://localhost:1234/assets/css/ionicons.min.css,1509696587,,404
364476,127.0.0.1,GET,http://localhost:1234/assets/css/style.css,1509696587,,404
fa1f7e,127.0.0.1,GET,http://localhost:1234/assets/css/responsive.css,1509696587,,404
c73d69,127.0.0.1,GET,http://localhost:1234/assets/css/custom.css,1509696587,,404
46f10c,127.0.0.1,GET,http://localhost:1234/assets/js/jquery.min.js,1509696588,,404
122beb,127.0.0.1,GET,http://localhost:1234/assets/js/bootstrap.min.js,1509696588,,404
d00ad8,127.0.0.1,GET,http://localhost:1234/assets/js/owl-carousel/owl.carousel.min.js,1509696588,,404
5dff2e,127.0.0.1,GET,http://localhost:1234/assets/js/counter/jquery.countTo.js,1509696588,,404
47c259,127.0.0.1,GET,http://localhost:1234/assets/js/jquery.appear.js,1509696588,,404
bb076d,127.0.0.1,GET,http://localhost:1234/assets/js/magnific-popup/jquery.magnific-popup.min.js,1509696588,,404
a13806,127.0.0.1,GET,http://localhost:1234/assets/js/retina.min.js,1509696588,,404
d571bb,127.0.0.1,GET,http://localhost:1234/assets/js/wow.min.js,1509696588,,404
768562,127.0.0.1,GET,http://localhost:1234/assets/js/jquery.countdown.min.js,1509696588,,404
d5a46e,127.0.0.1,GET,http://localhost:1234/assets/js/custom.js,1509696588,,404
f17be1,127.0.0.1,GET,http://localhost:1234/assets/js/style-customizer.js,1509696588,,404
6e9c66,127.0.0.1,GET,http://localhost:1234/assets/js/jquery.min.js,1509696590,,404
b38e18,127.0.0.1,GET,http://localhost:1234/assets/js/bootstrap.min.js,1509696591,,404
cbb360,127.0.0.1,GET,http://localhost:1234/images/banner/bg.jpg,1509696592,,404
475b72,127.0.0.1,GET,http://localhost:1234/images/about/04.jpg,1509696592,,404
58f7f9,127.0.0.1,GET,http://localhost:1234/assets/js/owl-carousel/owl.carousel.min.js,1509696592,,404
2cc704,127.0.0.1,GET,http://localhost:1234/assets/js/counter/jquery.countTo.js,1509696592,,404
edec2b,127.0.0.1,GET,http://localhost:1234/assets/js/jquery.appear.js,1509696593,,404
b6da3a,127.0.0.1,GET,http://localhost:1234/assets/js/magnific-popup/jquery.magnific-popup.min.js,1509696593,,404
fa6e23,127.0.0.1,GET,http://localhost:1234/assets/js/retina.min.js,1509696594,,404
b9100d,127.0.0.1,GET,http://localhost:1234/assets/js/wow.min.js,1509696595,,404
7e213a,127.0.0.1,GET,http://localhost:1234/assets/js/jquery.countdown.min.js,1509696595,,404
ff3c43,127.0.0.1,GET,http://localhost:1234/assets/js/custom.js,1509696595,,404
366a2e,127.0.0.1,GET,http://localhost:1234/assets/js/style-customizer.js,1509696596,,404
e2564e,127.0.0.1,GET,http://localhost:1234/,1509696676,,200
b42935,127.0.0.1,GET,http://localhost:1234/,1509696711,,200
0b9882,127.0.0.1,GET,http://localhost:1234/,1509696801,,200
be34d5,127.0.0.1,GET,http://localhost:1234/,1509696946,,200
a124e0,127.0.0.1,GET,http://localhost:1234/,1509700681,,200
15a0d9,127.0.0.1,GET,http://localhost:1234/,1509700717,,200
ac1849,127.0.0.1,GET,http://localhost:1234/,1509700735,,200
ad3ce6,127.0.0.1,GET,http://localhost:1234/,1509700769,,200
b2cd80,127.0.0.1,GET,http://localhost:1234/,1509700884,,200
4b0365,127.0.0.1,GET,http://localhost:1234/,1509702081,,200
30f999,127.0.0.1,GET,http://localhost:1234/,1509702153,,200
512900,127.0.0.1,GET,http://localhost:1234/,1509702287,,200
285b7f,127.0.0.1,GET,http://localhost:1234/,1509702330,,200
6e3270,127.0.0.1,GET,http://localhost:1234/,1509702454,,200
1f75f1,127.0.0.1,GET,http://localhost:1234/,1509702625,,200
59f70c,127.0.0.1,GET,http://localhost:1234/,1509702694,,200
0bedf7,127.0.0.1,GET,http://localhost:1234/,1509702731,,200
982e3a,127.0.0.1,GET,http://localhost:1234/,1509702753,,200
e8fa45,127.0.0.1,GET,http://localhost:1234/,1509702878,,200
1156c7,127.0.0.1,GET,http://localhost:1234/,1509702942,,200
2efaf4,127.0.0.1,GET,http://localhost:1234/,1509702968,,200
7bb722,127.0.0.1,GET,http://localhost:1234/,1509703331,,200
678f31,127.0.0.1,GET,http://localhost:1234/,1509704009,,200
5e7628,127.0.0.1,GET,http://localhost:1234/,1509704124,,200
94aa7b,127.0.0.1,GET,http://localhost:1234/,1509704162,,200
002f9d,127.0.0.1,GET,http://localhost:1234/,1509704313,,200
6d6aee,127.0.0.1,GET,http://localhost:1234/,1509704512,,200
292f6c,127.0.0.1,GET,http://localhost:1234/,1509704714,,200
f02cbe,127.0.0.1,GET,http://localhost:1234/,1509704795,,200
ecda5f,127.0.0.1,GET,http://localhost:1234/,1509704897,,200
804752,127.0.0.1,GET,http://localhost:1234/,1509704912,,200
5e843c,127.0.0.1,GET,http://localhost:1234/,1509705250,,200
fe5283,127.0.0.1,GET,http://localhost:1234/,1509705303,,200
709bce,127.0.0.1,GET,http://localhost:1234/,1509705379,,200
05eac2,127.0.0.1,GET,http://localhost:1234/,1509705391,,200
066ada,127.0.0.1,GET,http://localhost:1234/,1509705409,,200
39e3ed,127.0.0.1,GET,http://localhost:1234/,1509705478,,200
bb8fad,127.0.0.1,GET,http://localhost:1234/,1509705517,,200
0ec655,127.0.0.1,GET,http://localhost:1234/,1509705643,,200
50ea7b,127.0.0.1,GET,http://localhost:1234/,1509705700,,200
6d00a4,127.0.0.1,GET,http://localhost:1234/,1509705768,,200
264655,127.0.0.1,GET,http://localhost:1234/,1509705794,,200
19aa44,127.0.0.1,GET,http://localhost:1234/,1509705831,,200
d1c4d0,127.0.0.1,GET,http://localhost:1234/,1509705870,,200
3a22c1,127.0.0.1,GET,http://localhost:1234/,1509706039,,200
35d4bf,127.0.0.1,GET,http://localhost:1234/,1509706049,,200
